original_summary,predicted_summary
not very good, now club with this
makes great cup of java, now club with this
gross, now club with this
delicious treat, now club with this
very good, now club with this
kind bar, now club with this
this is the only way make, now club with this
energy, now club with this
cats could not eat it, now club with this
high quality, now club with this
please do not waste your money, now club with this
yummy healthy, now club with this
off the, now club with this
yum, now club with this
great wake up taste, now club with this
great fast service and great product, now club with this
not baked, now club with this
love it, now club with this
great taste, now club with green
best choice so far, now club with this
tastes great, now club with this
excellent love the blueberry pecan, now club with this
in sea salt, now club with this
delish, now club with this
great dog treat, now club with this
in please, now club with this
no the best, now club with this
waste of money, now club with this
pretty good, now club with this
weak but did not bother my stomach, now club with this
the pack threw most of them out, now club with this
chex calorie snack, now club with this
best dr smoothie, now club with this
disapointed, now club with this
the yummy, now club with this
these are soo good lemon lovers, now club with this
great to, now club with this
love lemonade sparkling ice, now club with this
green tea, now club with green
yummy tomatoes good packaging, now club with this
fantastic, now club with this
green mountain cup breakfast blend, now club with this
amazing chips, now club with this
love these treats, now club with this
by far the best dried in, now club with this
single worst coffee ever, now club with this
by coconut, now club with this
pasta, now club with this
forever, now club with this
it works, now club with this
terrific tasting movie theater popcorn, now club with this
very good, now club with this
super thin pretzel twist taste and texture, now club with this
meh, now club with this
of flavor, now club with this
wonderful coffee, now club with this
my dogs love these, now club with this
wonderful, now club with this
good goat milk, now club with this
mustard hot, now club with this
good for lunch on the go, now club with this
favorite, now club with this
dents do not, now club with this
love this stuff, now club with this
great purchase, now club with this
exceptional coffee, now club with this
amazing treats, now club with this
wolfgang puck coffee vanilla, now club with this
love these, now club with this
they do not like this flavor, now club with this
organic green tea extract, now club with this
texas hot sauce, now club with this
tasty biscuits at great price, now club with this
great snack, now club with this
this cereal is really great, now club with this
everyone loves it, now club with this
great gift, now club with this
this cookie mix is amazing, now club with this
good coffee, now club with this
wonderful crunchy apple chips, now club with this
best bread flour we have found, now club with this
not very good, now club with this
easy and good, now club with this
awesome for lo carb dieters, now club with this
my cats go for these treats, now club with this
chewy and spicy, now club with this
much cheaper here, now club with this
love it and so do, now club with this
tasty good value it is organic, now club with this
good stuff, now club with this
yummy, now club with this
delicious, now club with this
photo is english walnut not black walnut, now club with this
my favorite, now club with this
smells and tastes good, now club with this
switched to starbucks, now club with this
order, now club with this
good price bad taste, now club with this
the best, now club with this
disappointed, now club with this
yum, now club with this
pretty tasty no sugar, now club with this
excellent product but buyer beware, now club with this
not oz this is oz bag, now club with this
illy expresso coffee is great, now club with this
this is really delicious, now club with this
my loves these, now club with this
do they get it so peanut buttery, now club with this
yummy, now club with this
delicious snack, now club with this
great snack, now club with this
easy and convenient, now club with this
even for gummi candy, now club with this
coffee for keurig, now club with this
taste of heaven, now club with this
only popcorn will eat, now club with this
sea salt and vinegar chips, now club with this
this cookie is awful, now club with this
nice and sweet, now club with this
green tea for keurig, now club with this
best solution for dogs with weak, now club with this
healthy high quality dog treat, now club with this
brand, now club with this
perfect lollipops, now club with this
excellent excellent excellent, now club with this
robust coffee, now club with this
lamb ears dog chew box of, now club with this
awesome snack, now club with this
honest brew, now club with this
kashi bars subscribe and save, now club with this
not great peanut butter substitute, now club with this
love love love, now club with this
agave nectar, now club with this
swiss crunch, now club with this
what great cup of coffee, now club with this
exactly as promised, now club with this
over priced, now club with this
good cup of coffee, now club with this
excellent with fish, now club with this
great tasting popcorn, now club with this
excellent breakfast, now club with this
coffee, now club with this
oh sooo, now club with this
great for kids on the go, now club with green
great tasting healthy cereal, now club with this
what, now club with this
smooth move, now club with this
so far so good, now club with this
great tasting tea for cold, now club with this
star to much, now club with this
really great flavor, now club with this
why cannot find this locally, now club with this
goooood gravy, now club with this
delicious, now club with this
decent flavor it is expensive, now club with this
diamond glazed walnuts, now club with this
the best there is, now club with this
love it, now club with this
my love it, now club with this
kellogg granola raisins, now club with this
folgers black silk oz can, now club with this
it is not bad, now club with this
stale beans, now club with this
cup holder, now club with this
great coffee, now club with this
great coffee, now club with this
great, now club with this
this shampoo has no only, now club with this
stale, now club with this
very weak flavor, now club with this
better than ever, now club with this
just like regular spaghetti, now club with this good
all broken up, now club with this
watch out here comes, now club with this
greenies dental chews, now club with this
excellent, now club with this
bran buds now at your, now club with this
just okay had better, now club with this
excellent product, now club with this
oil this is very good for us, now club with this
great flavor with out the salt, now club with this
better price is available, now club with this
my dog loves these, now club with this
great cocoa, now club with this
sweet service five stars, now club with this
wonderful and flavorful even decaf, now club with this
yum, now club with this
tea, now club with this
heavenly taste experience, now club with this
love love love em, now club with this
feel the love of love crunch, now club with this
different than your standard lemonade, now club with this
safe easy to chew tasty, now club with this
great pancakes, now club with this
great product for dogs, now club with this
high quality food but, now club with this
not potato chips, now club with this
excellent snack, now club with this
greatest tea in the world, now club with this
baking soda, now club with this
simply delicious, now club with this
clean fresh taste to me, now club with this
loves it, now club with this
wonderfully convenient, now club with this
great tasting, now club with this
great quality cats love it, now club with this
great pump for bottles purchased for, now club with this
as advertised, now club with this
yum, now club with this
arrived melted together, now club with this
favorite of all, now club with this
wonderful snack item, now club with this
tasty but make sure you have gum, now club with this
refreshing addition to water, now club with this
this product is of quality, now club with green
good taste and healthier choice, now club with this
wonderful blend of flavors, now club with this
pop tarts are awesome, now club with this
convenient and tasty, now club with this
wow, now club with this
review, now club with this
it really works, now club with this
delicious, now club with this
tried this bar and loved it, now club with this
great birthday gift, now club with this
dont waste your money, now club with this
favorite, now club with this
quick and reliable service great product, now club with this
love love them, now club with this
happy customer, now club with this
fast food at home, now club with this
double bagged, now club with this
for tough chewers, now club with this
addictive little cookie, now club with green
tastes awful, now club with this
product, now club with this
delightful, now club with this
very good gluten free pasta, now club with good
delish, now club with this
what confused me, now club with this
great for kids, now club with this
good but little too sweet, now club with this
sauce, now club with this
blech, now club with this
excellent gift item, now club with this
one of my favorite spices, now club with this
amazing product, now club with this good
healthy and refreshing, now club with this
love it, now club with this
terrible beans, now club with this
very flavorful, now club with this
thank you, now club with this good
for company, now club with green
stale, now club with this
loves these, now club with this
love it, now club with green
popchips, now club with this
love love this, now club with this
love this tea, now club with this
healthy and tasty, now club with this
great quick cup of coffee, now club with this
horrible, now club with this
another awsome jerky, now club with this
should have better, now club with this
southern pecan coffee, now club with this
no carb option, now club with this
long lasting favorite, now club with this
delicious, now club with this
almonds, now club with this
great product, now club with this
delicious, now club with this
simply superb, now club with this
tasteless, now club with this
great dr pepper product, now club with this
good option, now club with this
love at first bite, now club with this
bit pricey, now club with this
great sprouting, now club with this
kind of gross, now club with this
tea that works to clear all digestive, now club with this
delicious, now club with this
cocoa, now club with this
very weak, now club with this
love it, now club with this
not as advertised, now club with this
last forever, now club with this
best and tortilla chips, now club with this
best water ever, now club with this
quite good, now club with this
ok, now club with this
made great, now club with this
excellent, now club with this
these are weird, now club with this
love this coffee, now club with this
mm tasty, now club with this
great product but price keeps going up, now club with this
pasta couscous, now club with this
great taste keep me up, now club with this
melted from, now club with this
these are great, now club with this
dog gone good, now club with this
good product, now club with this
false dont waste your money, now club with this
very good, now club with this
good flavor, now club with this
disgusting, now club with this
pistachio is pistachio is pistachio, now club with this
sugar free gum, now club with this
yum, now club with this
my husband loves this product, now club with this
great cereal, now club with this
gluten free bread that actually tastes good, now club with this
you need to try this, now club with this
the best popcorn have ever tasted, now club with this
sweet and sour pops got sweet pops, now club with this
yum, now club with this
tastes pretty good, now club with this
incredible price, now club with this
wonderful, now club with this
an excellent product, now club with this
great flavor, now club with this
thai sticky sweet rice, now club with this
very good, now club with this
not happy, now club with this
wolfgang puck dark roast, now club with this
you just do not need the caffeine, now club with this
delicious but purchase elsewhere, now club with this
fun, now club with this
great treat for my dog, now club with this
kind chocolate cherry cashew, now club with this
better then the big box store, now club with this
it is of taste, now club with this
disappointed, now club with this
delicious just like salt and vinegar chips, now club with this
great bargain great fruit very impressed, now club with this
great big good tasting cup of coffee, now club with this
not my cup of tea, now club with this
cups work great coffee fantastic, now club with this
best chocolate waffle have found, now club with this
great and easy, now club with this
tasty alternative to peanut butter, now club with this
yum, now club with this
love it, now club with this
good chips, now club with this
full flavored, now club with this
product treat for dogs with allergy issues, now club with this
honey almond flax granola kashi bars, now club with this
best hot cocoa yet, now club with this
delicious curry, now club with this
zico water is the best, now club with this
great price, now club with this
remember bars, now club with this
must have, now club with this
good price good product, now club with this
paris tea by harney sons, now club with this
excellent sugar free cooked pudding, now club with this
great package, now club with this
best bean soup in bag, now club with this
great product, now club with this
classic candy gum very, now club with this
refreshing and the chocolate, now club with this
awesome, now club with this
catnip, now club with this
handy package for equal, now club with this good
scrumptious, now club with this
wonderful, now club with this
excellent quality assortment, now club with this
sugar substitute, now club with this
love these, now club with this
perfect for our food allergy child, now club with this
misleading, now club with this
my dogs for more, now club with this
perfect for stir fry, now club with this
delicious, now club with this
amazing, now club with this
wow, now club with green
really tasty, now club with this
great for pops, now club with this
best birthday gift loved by as well, now club with this
delicious, now club with this
yum, now club with this
lemon drops, now club with this
too good to pass up, now club with this
yummy, now club with this
yummy, now club with this
price, now club with this
macadamia nuts, now club with this
tastes good, now club with this
how can you go wrong, now club with this
yummy, now club with this
check you before you buy, now club with this
dried blueberries, now club with this
best green tea, now club with this
use it as an, now club with this
delicious, now club with this
difference in my dog, now club with this
favorite and great deal, now club with this
as advertised, now club with this
kona coffee review, now club with this
not the same flavor, now club with this
yummy, now club with this
superb, now club with this
the perfect snack, now club with this
cups amazon, now club with this
good bites skin coat, now club with this
they are kind of gross, now club with this
delish, now club with this
tasty and timely, now club with this
awful not as described not gummies, now club with this
tasty but too sweet, now club with this
best instant, now club with this
coffee lover, now club with this
very good, now club with this
great flavor from, now club with this
why do their organic foods contain, now club with this
most rich cup yet on keurig, now club with this
very good but little bland, now club with this
the best, now club with this
dogs it, now club with this
very fragrant and potent, now club with this
would buy again, now club with this good
where is the lime, now club with this
great jam true wild mountain jam, now club with this
it has msg, now club with this
love them, now club with this
love bar pop chips, now club with this
bad product, now club with this
love it, now club with this
perfect, now club with this
yuck, now club with this
great chocolate and berry taste, now club with this
coconut water, now club with this
awesome and tasty, now club with this
disappointed, now club with this
idea but, now club with this
dog loves them, now club with this
amazing exotic flavor, now club with this
bone dog treats pack, now club with this
great item great customer service, now club with this
good coffee to start off your day, now club with this
why use color, now club with this
pop chips love them, now club with this
great with beer, now club with this
horrible rubbery not at all like noodles, now club with this
couscous thing, now club with this
pure himalayan salt the healthy salt, now club with this
not gluten free, now club with this
high quality low carb, now club with this
good memories, now club with this
wonderful, now club with this
kona blend, now club with this
space saver does not well, now club with this
great product no experience, now club with this
not best for espresso, now club with this
just okay, now club with this
great taste, now club with this
my favorite hot sauce, now club with this
great, now club with this
too close to expiration, now club with this
average, now club with this
satisfying, now club with this
cookies for tea time, now club with this
for boxes, now club with this
best tortilla chips ever, now club with this
not bad at all, now club with this
satisfied, now club with this
our dog loves these biscuits, now club with this
favorite tea, now club with this
for treats, now club with this
tasty, now club with this
best chips have ever tasted, now club with this
pineapple, now club with this
makes flavoring very easy, now club with this
awesome stuff, now club with this
wow amazing taste healthy wonderful meal replacement, now club with this
the tin is more than the coffee, now club with this
nasty after taste, now club with this
beware, now club with this
for box it is okay, now club with this
great cocoa for the price, now club with this
like in the mouth, now club with this
dried whole ghost, now club with this
yum, now club with this
product, now club with this
great, now club with this
the best tea in the world, now club with this
yum, now club with this
yummy, now club with this
great product, now club with this
so nice to get of home, now club with this
great tea, now club with this
loved it, now club with this
short and sweet, now club with this
disappointed, now club with green
amazing cookies, now club with this
down flour, now club with this
mint tea, now club with this
awesome, now club with this
smooth move really helps move, now club with this
great as cookies, now club with this
good product, now club with this
fun decadent dessert, now club with this
simply the best, now club with this
not for peanut butter, now club with this
great product, now club with this
great value, now club with this
yum, now club with this
soothing after drink, now club with this
adults love them too, now club with this
great product great price, now club with this good
ginger tea, now club with this
dog loves it, now club with this
good product, now club with this
lo carb pizza flavor snacks, now club with this
excellent product, now club with this
good strong coffee, now club with this
pop chips on the go, now club with this
great taste but cheaper at bed, now club with this
better than being in, now club with this
clean, now club with this
will not eat anything else, now club with this
yum, now club with this
great product, now club with this
love this stuff, now club with this
smooth to the last drop, now club with this
the best low carb too, now club with this
delicious treats, now club with this
real chocolate, now club with this
tug jug lasts minutes, now club with this
good with, now club with this
perfect, now club with this
paste in plastic, now club with this
gluten free, now club with this
wonderful, now club with this
nice smooth bold brew, now club with this
amazing, now club with this
awesome, now club with this
great toy for golden, now club with this
hot chocolate, now club with this
good healthy product, now club with this
so yummy, now club with this
will not well, now club with this
probably little too big for the, now club with this
weak flavor, now club with this
more cups than expected, now club with this
tasty, now club with this
good coffee and less expensive, now club with this
olive salad, now club with this
tasty, now club with this
the best market iced green tea, now club with this
very nice tangy flavor, now club with this
like most low carb snacks but, now club with this
horrible not what expected, now club with this
my loved these, now club with this
totally addicting, now club with this
choice seasoning, now club with this
tasty, now club with this
yuck, now club with this
green mtn breakfast blend cups, now club with this
an excellent dog training treat, now club with this
good stuff, now club with this
yumm gluten free or not, now club with this
bold and beautiful, now club with this
lab loves these chews, now club with this
it is yoo hoo, now club with green
amazing flavor, now club with green
crunchy, now club with this
if you like gummy white bread, now club with this
yummy, now club with this
healthy and at the time, now club with this
surprisingly moist, now club with this
for mom, now club with this good
dr kracker makes good variety of crackers, now club with this
great taste, now club with this
large black tea bags, now club with this
sugar is the second, now club with this
great energy, now club with this
great coffee, now club with this
greatest tasting water since, now club with this
my new granola bar, now club with this
bob, now club with this
greenies yum, now club with this
zuke mini naturals dog treats salmon, now club with this
altoids spearmint mints, now club with this
one great dip, now club with this good
meh, now club with this
exotic pantry stuff pomegranate molasses, now club with this
better than gluten filled, now club with this
great coffee, now club with this
good, now club with this
great coffee, now club with this
this tea is lovely all year long, now club with this
for tea and coffee, now club with this
review, now club with this
info, now club with this
so good so fruity, now club with this
healthy snack, now club with this
very good, now club with this
great little pudding, now club with this
fish tea, now club with this
greenies for, now club with this
organic prunes, now club with this
do not buy it is addicting, now club with this
coffee drink with kick, now club with this
incredible addition for cooking, now club with this
great for all dogs, now club with this
our favorite, now club with this
gold dust is awesome, now club with this
will buy again, now club with this
great product, now club with this
pure and healthy without, now club with this
good product, now club with this
best cashews, now club with this
the best gummy bears, now club with this
product, now club with this
cat treats, now club with this
our dog loves these, now club with this
delicious strong japanese black coffee candy, now club with this
chocolate goji, now club with this
best treat ever, now club with this
peach, now club with this
good lime taste, now club with this
homemade goodness, now club with this
sausage sticks, now club with this
spread, now club with this
surprisingly good, now club with this
not to my taste, now club with this
delicious, now club with this
great and yummy, now club with this
fun, now club with this
good but not special, now club with this
like it lot, now club with this
nature variety dog food, now club with this
sweet snack, now club with this
tea, now club with this
fantastic, now club with this
country, now club with this
healthy treat for dogs with allergies, now club with this
worst bar ever, now club with this
my pups love it, now club with this
incorrect product, now club with this
busy buddy, now club with this
disappointed, now club with this
these are spicy, now club with this
my first subscription order received, now club with this
soy chips expired, now club with this
great product, now club with this
spicy but good, now club with this
steak it makes great gift, now club with this
not as fresh as expected, now club with this
not worth it, now club with this
great buy, now club with this
way cheaper at club or costco, now club with this
great product bad price on here, now club with this
best value, now club with this
only tea cups, now club with this
not great for making hot chocolate, now club with this
the best, now club with this
beautiful and yummy, now club with this
can chicken, now club with this
smoked paprika, now club with this
we love it, now club with this
too delicious, now club with this
hands down favorite, now club with this
sour coffee, now club with this
savory, now club with this
dog cookies, now club with this
jello review, now club with this
melted, now club with this
made both of my dogs sick, now club with this
great product even vendor, now club with this
nice, now club with this
service good product not as expected, now club with this
amazing, now club with this
tart cherry concentrate, now club with this
place is amazon, now club with this
this stuff is delicious, now club with this
old goodness, now club with this
my favorite cheese curls, now club with this
dogs love them, now club with this
product good seller bad, now club with this
am glad can still buy this, now club with this
like cheez its, now club with this
amazing product to, now club with this
can eat an box in day, now club with this
great corn taste, now club with this
not very good, now club with this
best sun butter ever by far, now club with this
spice it up, now club with this
great deal on amazon with, now club with this
fine but premium pricing, now club with this
awesome, now club with green
prefer this to regular brownies, now club with this
hot, now club with this
these are amazing, now club with this
wonderful, now club with this
love the tea, now club with this
none such, now club with this
would not buy it again, now club with this
van houtte house blend, now club with this
great cup of coffee, now club with this
disappointed, now club with this
great coffee for an espresso machine, now club with this
cet dog chews, now club with this
natural concentrate from china, now club with this
great stuff, now club with this
great gluten free brownies, now club with this
flavors taste great, now club with this
the perfect dog food, now club with this
mm, now club with this
no high fructose corn syrup, now club with this
special, now club with this
great treats, now club with this
sprouting seeds, now club with this
big flavor no calories, now club with this
yummy and good for you too, now club with this
great, now club with this
disappointing, now club with this
sweet and chewy, now club with this
great price and quality product, now club with this
yummy, now club with this
disgusting artificial flavor, now club with this
could not find these anywhere else, now club with this
probably lbs from this bag, now club with this
great variety, now club with this
not really brand, now club with this
popcorn, now club with this
smooth taste not bitter, now club with this
good tea but check for freshness, now club with this
best tasting hot sauce, now club with this
four leaf balsamic vinegar for good price, now club with green
great stuff, now club with this
love the scent, now club with this
it is all about the convenience, now club with this
grey decaf tea, now club with this
great gift idea, now club with this
it is ok, now club with this
organic salad mix, now club with this
quick and healthy, now club with this
not worth the money, now club with this
shipping, now club with this
the best gluten free baking mix, now club with this
tastes like water, now club with this
the best, now club with this
great taste, now club with this
over priced, now club with this
used to better, now club with this
not bad, now club with this
delicious and at great price, now club with this
great tasting coffee, now club with this
stuff, now club with this
grow some grass man, now club with this
great coffee, now club with this
my favorite adult cereal, now club with this
crackers for cheese, now club with this
amazon has it it is the best, now club with this
these are delicious, now club with this
amazing, now club with this
not just for baby food, now club with this
great disposable cups, now club with this
delicious and healthy, now club with this
love this, now club with this
highly, now club with this
great product, now club with this
best coffee ever, now club with this
butter toffee lover, now club with this
not bad good in oatmeal, now club with this
not happy, now club with green
it is delicious, now club with this
tastes like the real thing, now club with this
teenie lite greenies, now club with this
check out beyond first, now club with this
great as marinade, now club with this
an excellent green tea, now club with this
lemon ginger tea, now club with this
my dog favorite treat, now club with this
old broken and stale, now club with this
classic, now club with this
almond coconut vanilla, now club with this
gummi bear heaven, now club with this
not organic, now club with this
best ever, now club with this
quality product, now club with this
excellent gum, now club with this
do not like it, now club with this
jalapeno heaven, now club with this
excellent flavor, now club with this
great awesome snacks, now club with this
yumm, now club with this
pure deliciousness, now club with this
two paws up, now club with this
moist and delicious great for weight, now club with this
best of, now club with this
delicious, now club with this
good gum with out all the junk, now club with this
eating it for years, now club with this
english and tea, now club with this
organic base, now club with this
love it, now club with this
yummy and good for us, now club with this
melted bears, now club with this
great coffee, now club with this
vita coco, now club with this
good, now club with this
jiffy pop popcorn, now club with this
good stuff, now club with this
be bold, now club with this
convenient, now club with this
better than my starbucks, now club with this
excellent tea with aroma, now club with this
yummy, now club with this
excellent, now club with this
prefer the whole slices, now club with this
good buy, now club with this
love my kashi cereal, now club with this
mm, now club with this
pb, now club with this
tasty, now club with this
great product, now club with this
yummy and nothing fake, now club with this
these are awesome, now club with this
love this treat, now club with this
are an awesome treat for canine kids, now club with this
did not like at all, now club with this
mm good tea, now club with this
crunchy good, now club with this
pirate booty, now club with this
these are great, now club with this
delicious, now club with this
best hot olives on the market, now club with this
excellent, now club with this good
great product, now club with this
amount of your milk, now club with this
best price, now club with this
cet chews, now club with this
read the, now club with this
great wine, now club with this
great tea for bagged tea, now club with this
very effective tea, now club with this
wonderful, now club with this
love disposakups, now club with this
disappointed, now club with this
poor customer service, now club with this
cheap and not worth the price, now club with this good
great ingredients but dogs eat it, now club with this
luv it, now club with this
hot chocolate, now club with this
just ok nothing special but dairy free, now club with this
delicious english style tea, now club with this
effective for water, now club with this
favorite seasoning, now club with this
not good, now club with this
kid food, now club with this
this is fine quality pure saffron, now club with this
disappointed, now club with this
best mustard ever, now club with this
love this product works amazing, now club with this
belly birthday, now club with this
delicious and nutritious, now club with this
food for my dog, now club with this
dogs would not eat these, now club with this
great cocoa, now club with this
did not work for me, now club with this
yummo am coffee, now club with this
eating gluten free, now club with green
dog dental checkups, now club with this
disappointed, now club with this
is great, now club with this
looking to the treat, now club with this
really good and great shelf life, now club with this
not edible, now club with this
last for days, now club with this
yum delicious crackers, now club with this
good coffee, now club with this
best marzipan, now club with this
medicine, now club with this
extremely chocolately, now club with this
well worth the wait, now club with this
amazing, now club with this
fig are not for, now club with this
tooth treat, now club with this
over priced and, now club with this
the best tea ever, now club with this
delicious, now club with this
use, now club with this
delish, now club with this
mom loved it, now club with this
excellent, now club with this
not watermelon, now club with this
great oolong shot, now club with this
good vanilla coffee, now club with this
nice bread, now club with this
love this flavor, now club with this
tea, now club with this
love it, now club with this
great coffee, now club with this
sf bay cup, now club with this
great as is, now club with this
wonderful flavor, now club with this
overpriced and over roasted, now club with this
healthy yummy, now club with this
coffee pods, now club with this
disappointing, now club with this
lindt truffles, now club with this
little stale, now club with this
poor, now club with this
delicious, now club with this
tastes great, now club with this
biscuits, now club with this good
tart cherries, now club with this
makes you sick, now club with this
good eating, now club with this
coffee flavoring, now club with this
great snack, now club with this
same price in, now club with this
great product, now club with this
starbucks at home, now club with this
great coffee, now club with this
best tea bags you can buy, now club with this
coffee beans, now club with this
prompt delivery, now club with this
is the best, now club with this
sweet, now club with this
smells good, now club with this
fantastic ketchup, now club with this
yummy, now club with this
my dog loves liver, now club with this
san francisco bay coffee, now club with this
twix king package little old, now club with this
best sauce around, now club with this
great product but could be little cheaper, now club with this
tasty blend, now club with this
my cats this, now club with this
flavor wish it had longer shelf life, now club with this
want my money back, now club with this
the least sweet energy bars have found, now club with this
lifesavers, now club with this
it is none, now club with this
tea for the summer, now club with this
great coffee but, now club with this
just what we were looking for, now club with this
dogs love them, now club with this
cookie, now club with this
super ginger taste, now club with this
pb powdered peanut butter, made of vanilla
ok but little sweet, now club with this
fun new to me product, now club with this
truffle cream, now club with this
dog approved, now club with white
not so tasty, now club with this
much blend than the original, now club with this
picky, now club with this
delicious and healthy yay, now club with this
almost like the real thing, now club with this
good stuff, now club with this
not lab durable, now club with this
excellent product, now club with this
decaf option mild flavor, now club with this
great way to buy this product, now club with this
pb, now club with this
deceptive, now club with this
easy taco night, now club with this
poor packaging for liquid items, now club with this
so yummy, now club with this
flavor, now club with this
directions say to, now club with this
another thumbs up for, now club with this
love the sugar cookies, now club with this
wonderful coffee, now club with this
my dogs love these, now club with this
addictive, now club with this
disappointed, now club with this
smells pretty bad, now club with this
cajun jerky, now club with this
little bit of dessert in every bottle, now club with this
yum, now club with this
are you people even the right thing, now club with this
what my dogs have to say, now club with this
great stuff, now club with this
good coffee, now club with this
hot chips, now club with this
not bad, now club with this
syrup pump, now club with this
works great, now club with this
quality, now club with this
really like this coffee, now club with this
fantastic, now club with this
yummy, now club with this
best flavor, now club with this
for no big deal popcorn, now club with this
new favorite coffee, now club with this
honey, now club with this
too sweet, now club with this
not that great, now club with this
not has fish oil and, now club with this
very good chips, now club with this
organic good deal for money heart health, now club with this
it is not organic, now club with this
it is not easy being cheesy, now club with this
great treat for dogs, now club with this
